{"loss": [0.6914443373680115, 0.6599874496459961, 0.5720601677894592, 0.4442356824874878, 0.3801262676715851, 0.32977786660194397, 0.21847444772720337, 0.12617729604244232, 0.09876441955566406, 0.08540227264165878, 0.058990783989429474, 0.04428962245583534, 0.03971077501773834, 0.0259078461676836, 0.02084927074611187], "accuracy": [0.5239333510398865, 0.5904666781425476, 0.6863999962806702, 0.7897999882698059, 0.8343999981880188, 0.8644000291824341, 0.9229333400726318, 0.9601333141326904, 0.9705333113670349, 0.9746000170707703, 0.9836666584014893, 0.9882000088691711, 0.9897333383560181, 0.994533360004425, 0.9947333335876465], "val_loss": [0.6859628558158875, 0.6169248223304749, 0.48809507489204407, 0.437752902507782, 0.3086644113063812, 0.23073439300060272, 0.15901824831962585, 0.07465528696775436, 0.15720343589782715, 0.050011925399303436, 0.03546648472547531, 0.025936342775821686, 0.024172907695174217, 0.07118436694145203, 0.030557675287127495], "val_accuracy": [0.5740000009536743, 0.7059999704360962, 0.7785000205039978, 0.7875000238418579, 0.8725000023841858, 0.9154999852180481, 0.9505000114440918, 0.9819999933242798, 0.9660000205039978, 0.9850000143051147, 0.9900000095367432, 0.9940000176429749, 0.9940000176429749, 0.9729999899864197, 0.9934999942779541]}