{"loss": [0.6806464791297913, 0.6495460867881775, 0.6079283356666565, 0.43702447414398193, 0.24592451751232147, 0.14435380697250366, 0.09643096476793289, 0.06628754734992981, 0.012879102490842342, 0.0007543197716586292, 0.00046606705291196704, 0.00033724354580044746], "accuracy": [0.5426666736602783, 0.5869333148002625, 0.6381999850273132, 0.7965999841690063, 0.9131333231925964, 0.9590666890144348, 0.9762666821479797, 0.9836666584014893, 0.9967333078384399, 1.0, 1.0, 1.0], "val_loss": [0.6557707190513611, 0.6481361985206604, 0.5405337810516357, 0.3347148597240448, 0.217377707362175, 0.20492851734161377, 0.10222335159778595, 0.14885550737380981, 0.001083472860045731, 0.0005909682367928326, 0.00040961007471196353, 0.00031627065618522465], "val_accuracy": [0.6169999837875366, 0.5634999871253967, 0.7310000061988831, 0.8604999780654907, 0.9325000047683716, 0.9304999709129333, 0.9750000238418579, 0.9474999904632568, 1.0, 1.0, 1.0, 1.0]}