{"loss": [0.6944051384925842, 0.6855680346488953, 0.6684569120407104, 0.6588422656059265, 0.6510756611824036, 0.647327184677124, 0.6391472220420837, 0.6363787651062012, 0.6230279207229614, 0.5948092341423035, 0.5648946166038513, 0.5229879021644592, 0.5130335688591003, 0.42777857184410095, 0.32165372371673584, 0.29902681708335876, 0.2030806690454483, 0.14462882280349731, 0.09052916616201401, 0.11952876299619675, 0.046704359352588654, 0.0069114211946725845, 0.002526940545067191, 0.0016441976185888052], "accuracy": [0.5116000175476074, 0.5350000262260437, 0.5681999921798706, 0.5703999996185303, 0.5824000239372253, 0.5848000049591064, 0.602400004863739, 0.5952000021934509, 0.6155999898910522, 0.652999997138977, 0.6862000226974487, 0.722599983215332, 0.7301999926567078, 0.8130000233650208, 0.871999979019165, 0.8917999863624573, 0.9344000220298767, 0.9559999704360962, 0.9787999987602234, 0.9666000008583069, 0.9878000020980835, 0.9995999932289124, 1.0, 1.0], "val_loss": [0.6931284070014954, 0.6788057684898376, 0.6669027805328369, 0.6685347557067871, 0.6457526087760925, 0.6339560151100159, 0.6340001821517944, 0.6189742088317871, 0.6043151617050171, 0.5589298605918884, 0.6423559784889221, 0.47020241618156433, 0.44557103514671326, 0.34381845593452454, 0.45958858728408813, 0.23035606741905212, 0.17390920221805573, 0.07634751498699188, 0.0745048001408577, 0.08858394622802734, 0.011678168550133705, 0.0042394110932946205, 0.00311260879971087, 0.0029901270754635334], "val_accuracy": [0.5, 0.5534999966621399, 0.48100000619888306, 0.6129999756813049, 0.6230000257492065, 0.621999979019165, 0.6294999718666077, 0.6570000052452087, 0.6489999890327454, 0.7074999809265137, 0.5705000162124634, 0.7555000185966492, 0.7745000123977661, 0.8654999732971191, 0.8159999847412109, 0.9200000166893005, 0.9474999904632568, 0.9829999804496765, 0.9819999933242798, 0.9860000014305115, 0.9994999766349792, 0.9994999766349792, 0.9994999766349792, 0.9994999766349792]}