{"loss": [0.6916667819023132, 0.6628996133804321, 0.6479179859161377, 0.6231523156166077, 0.5605881810188293, 0.44346901774406433, 0.2678612470626831, 0.13520614802837372, 0.08232090622186661, 0.02903379313647747, 0.0019197503570467234, 0.0009026596089825034, 0.0006151641136966646], "accuracy": [0.5190908908843994, 0.5689091086387634, 0.5824545621871948, 0.618363618850708, 0.6850908994674683, 0.7922727465629578, 0.8983636498451233, 0.9592727422714233, 0.9805454611778259, 0.9931818246841431, 0.9999091029167175, 1.0, 1.0], "val_loss": [0.6771970391273499, 0.6529303789138794, 0.6506127715110779, 0.5890710949897766, 0.549797534942627, 0.42411357164382935, 0.17073839902877808, 0.07016418129205704, 0.05608795955777168, 0.009040921926498413, 0.008312908001244068, 0.007787835318595171, 0.00778235262259841], "val_accuracy": [0.4715000092983246, 0.46799999475479126, 0.6075000166893005, 0.6859999895095825, 0.6349999904632568, 0.8224999904632568, 0.9434999823570251, 0.9854999780654907, 0.9869999885559082, 0.9990000128746033, 0.9990000128746033, 0.9990000128746033, 0.9990000128746033]}