{"loss": [0.6838620901107788, 0.6499983072280884, 0.6208586096763611, 0.5270984172821045, 0.358127236366272, 0.189377561211586, 0.04924844577908516, 0.0022835310082882643, 0.0005807910929434001, 0.0002795836771838367, 0.00020822975784540176, 0.00016827540821395814], "accuracy": [0.5223333239555359, 0.5851333141326904, 0.6263999938964844, 0.7235333323478699, 0.8510000109672546, 0.934333324432373, 0.9891999959945679, 0.9998666644096375, 1.0, 1.0, 1.0, 1.0], "val_loss": [0.6597536206245422, 0.6370077729225159, 0.5836140513420105, 0.43887990713119507, 0.23445679247379303, 0.11165641993284225, 0.0072021447122097015, 0.0017338315956294537, 0.00033343237009830773, 0.00023891545424703509, 0.00019382708705961704, 0.00016252431669272482], "val_accuracy": [0.6154999732971191, 0.6420000195503235, 0.6794999837875366, 0.7889999747276306, 0.9125000238418579, 0.968500018119812, 0.9990000128746033, 0.9994999766349792, 1.0, 1.0, 1.0, 1.0]}