{"loss": [0.6912566423416138, 0.6661410927772522, 0.6533417105674744, 0.6449904441833496, 0.6365779042243958, 0.6268616318702698, 0.5988105535507202, 0.5529288053512573, 0.42664554715156555, 0.32826536893844604, 0.2698540687561035, 0.1546209305524826, 0.10836483538150787, 0.10237091779708862, 0.08729901164770126, 0.07622554898262024, 0.09189176559448242, 0.08321770280599594, 0.07846715301275253, 0.0941927582025528, 0.14051061868667603], "accuracy": [0.5132856965065002, 0.5770000219345093, 0.5748571157455444, 0.5907142758369446, 0.597428560256958, 0.6098571419715881, 0.654285728931427, 0.6967142820358276, 0.8069999814033508, 0.8717142939567566, 0.9018571376800537, 0.9531428813934326, 0.9735714197158813, 0.973714292049408, 0.9794285893440247, 0.9829999804496765, 0.9769999980926514, 0.9801428318023682, 0.9798571467399597, 0.9734285473823547, 0.959857165813446], "val_loss": [0.6848060488700867, 0.6685646176338196, 0.6514109969139099, 0.6407422423362732, 0.6394596099853516, 0.6149141192436218, 0.5704305768013, 0.5009676814079285, 0.3101164996623993, 0.2555903196334839, 0.1888725757598877, 0.12996095418930054, 0.11508787423372269, 0.0915217250585556, 0.08296455442905426, 0.07572592794895172, 0.08186981081962585, 0.07821036130189896, 0.1384897530078888, 0.2744925320148468, 0.15675029158592224], "val_accuracy": [0.4925000071525574, 0.6060000061988831, 0.5295000076293945, 0.6150000095367432, 0.5475000143051147, 0.6445000171661377, 0.7110000252723694, 0.765500009059906, 0.8794999718666077, 0.9144999980926514, 0.9419999718666077, 0.9645000100135803, 0.9729999899864197, 0.9779999852180481, 0.9804999828338623, 0.9819999933242798, 0.9819999933242798, 0.9825000166893005, 0.9559999704360962, 0.8855000138282776, 0.9509999752044678]}