{"loss": [0.6731460690498352, 0.5931064486503601, 0.2946259379386902, 0.06440368294715881, 0.029194019734859467, 0.015951870009303093, 0.0005970636266283691, 0.0002578524872660637], "accuracy": [0.5479000210762024, 0.6510000228881836, 0.8752333521842957, 0.9863333106040955, 0.9916333556175232, 0.9959333539009094, 1.0, 1.0], "val_loss": [0.6515536904335022, 0.48355168104171753, 0.06608951836824417, 0.02187458984553814, 0.0014985476154834032, 0.0011389213614165783, 0.0002825640549417585, 0.00017122598364949226], "val_accuracy": [0.512499988079071, 0.7450000047683716, 0.9869999885559082, 0.9965000152587891, 1.0, 1.0, 1.0, 1.0]}