{"loss": [0.684101939201355, 0.6513668894767761, 0.633823037147522, 0.5673545598983765, 0.37658658623695374, 0.40469124913215637, 0.15171727538108826, 0.03224137797951698, 0.007518228609114885, 0.01368835661560297, 0.014635222963988781, 0.0018783771665766835], "accuracy": [0.5339999794960022, 0.5877333283424377, 0.6012666821479797, 0.6849333047866821, 0.8381999731063843, 0.8149999976158142, 0.9503999948501587, 0.9909999966621399, 0.9984666705131531, 0.9968000054359436, 0.9965333342552185, 0.9999333620071411], "val_loss": [0.6655364632606506, 0.6401128768920898, 0.6166744232177734, 0.48668408393859863, 0.26343339681625366, 0.3657055199146271, 0.07214508205652237, 0.00412407424300909, 0.0006736358045600355, 0.009906518273055553, 0.004656296223402023, 0.0006623012595809996], "val_accuracy": [0.4779999852180481, 0.5814999938011169, 0.6504999995231628, 0.7764999866485596, 0.9110000133514404, 0.8445000052452087, 0.9794999957084656, 0.9990000128746033, 1.0, 0.996999979019165, 1.0, 1.0]}