{"loss": [0.6583523154258728, 0.6174466609954834, 0.5139834880828857, 0.5140923857688904, 0.4857467710971832, 0.5208641886711121, 0.5263422131538391, 0.4990620017051697, 0.5295290946960449, 0.526244580745697, 0.5226252675056458, 0.5148504972457886, 0.5144186019897461, 0.54198157787323], "accuracy": [0.5789333581924438, 0.6229333281517029, 0.7316666841506958, 0.737933337688446, 0.7531999945640564, 0.712933361530304, 0.7121999859809875, 0.7423333525657654, 0.7202000021934509, 0.7065333127975464, 0.7074000239372253, 0.7179999947547913, 0.7131333351135254, 0.6940666437149048], "val_loss": [0.6598420143127441, 0.5429708361625671, 0.47594305872917175, 0.39035701751708984, 0.46823450922966003, 0.5336595177650452, 0.5163617730140686, 0.4729383885860443, 0.5107856392860413, 0.5360944271087646, 0.5215254426002502, 0.5118852257728577, 0.5115017890930176, 0.6170884370803833], "val_accuracy": [0.6269999742507935, 0.7245000004768372, 0.7664999961853027, 0.840499997138977, 0.7645000219345093, 0.7089999914169312, 0.7235000133514404, 0.7605000138282776, 0.7275000214576721, 0.7020000219345093, 0.7160000205039978, 0.7174999713897705, 0.7174999713897705, 0.6365000009536743]}