{"loss": [0.685359537601471, 0.6555681824684143, 0.6412327289581299, 0.6192148327827454, 0.5322038531303406, 0.27493447065353394, 0.16752395033836365, 0.07836993038654327, 0.00803107488900423, 0.0020008098799735308, 0.0006122883642092347, 0.0004291422083042562, 0.0003333291388116777], "accuracy": [0.5319166779518127, 0.581250011920929, 0.5885000228881836, 0.6239166855812073, 0.7138333320617676, 0.8991666436195374, 0.9448333382606506, 0.9768333435058594, 0.9983333349227905, 0.999833345413208, 1.0, 1.0, 1.0], "val_loss": [0.6650879979133606, 0.6405176520347595, 0.6317370533943176, 0.5913630723953247, 0.5294216275215149, 0.1803354024887085, 0.054325323551893234, 0.03678703308105469, 0.003546013031154871, 0.000818263681139797, 0.0005145546165294945, 0.0003904183395206928, 0.0003090264508500695], "val_accuracy": [0.6050000190734863, 0.628000020980835, 0.6294999718666077, 0.659500002861023, 0.637499988079071, 0.9375, 0.9794999957084656, 0.9940000176429749, 0.9994999766349792, 1.0, 1.0, 1.0, 1.0]}