{"loss": [0.6798757314682007, 0.6506907939910889, 0.6243406534194946, 0.5437371134757996, 0.3762669265270233, 0.22529596090316772, 0.05521589517593384, 0.13809902966022491, 0.0025687124580144882, 0.0007575459312647581, 0.0005348431877791882, 0.00041485868860036135], "accuracy": [0.5402666926383972, 0.5853333473205566, 0.6151333451271057, 0.7005333304405212, 0.8373333215713501, 0.9227333068847656, 0.9851999878883362, 0.9557333588600159, 0.9998666644096375, 1.0, 1.0, 1.0], "val_loss": [0.6737912893295288, 0.6492345333099365, 0.5915364027023315, 0.47686275839805603, 0.281250536441803, 0.15524739027023315, 0.49249783158302307, 0.00834500603377819, 0.0009773926576599479, 0.0006429513450711966, 0.00047845326480455697, 0.00038448997656814754], "val_accuracy": [0.6000000238418579, 0.6075000166893005, 0.6919999718666077, 0.7680000066757202, 0.8974999785423279, 0.9509999752044678, 0.8870000243186951, 0.9990000128746033, 1.0, 1.0, 1.0, 1.0]}