{"loss": [0.678009569644928, 0.6490862369537354, 0.6095330119132996, 0.4525968134403229, 0.31960806250572205, 0.06824233382940292, 0.11973676085472107, 0.031049393117427826, 0.0019267583265900612, 0.0005883658886887133, 0.00043326723971404135], "accuracy": [0.5406000018119812, 0.5871333479881287, 0.6356666684150696, 0.7825999855995178, 0.8726666569709778, 0.9811999797821045, 0.9611999988555908, 0.9920666813850403, 0.9998000264167786, 1.0, 1.0], "val_loss": [0.6584444642066956, 0.6361483931541443, 0.5763111710548401, 0.5691720247268677, 0.17511557042598724, 0.022892510518431664, 0.07873506098985672, 0.0018138558370992541, 0.0006775329238735139, 0.0004724671598523855, 0.00036981250741519034], "val_accuracy": [0.4724999964237213, 0.6194999814033508, 0.6800000071525574, 0.7365000247955322, 0.9459999799728394, 0.9940000176429749, 0.9810000061988831, 1.0, 1.0, 1.0, 1.0]}