{"loss": [0.6943870186805725, 0.6754727363586426, 0.6568199992179871, 0.6463167071342468, 0.6308820247650146, 0.5899112820625305, 0.527458906173706, 0.4460565149784088, 0.22724930942058563, 0.10227232426404953, 0.08949300646781921, 0.09214755892753601, 0.08602507412433624, 0.055433012545108795, 0.0031632028985768557, 0.0011924132704734802, 0.0008362335502170026, 0.0006419501733034849], "accuracy": [0.5105555653572083, 0.5452222228050232, 0.5720000267028809, 0.5884444713592529, 0.6121110916137695, 0.6584444642066956, 0.7151111364364624, 0.7912222146987915, 0.9223333597183228, 0.9754444360733032, 0.9779999852180481, 0.9781110882759094, 0.9801111221313477, 0.9868888854980469, 0.999666690826416, 1.0, 1.0, 1.0], "val_loss": [0.6885229349136353, 0.6836677193641663, 0.6488779783248901, 0.6453507542610168, 0.629636824131012, 0.5522274374961853, 0.4933549761772156, 0.34931233525276184, 0.12887655198574066, 0.06513626873493195, 0.05977597087621689, 0.06308213621377945, 0.06000175699591637, 0.007686001248657703, 0.0014305979711934924, 0.0010723462328314781, 0.0008327985415235162, 0.0007032379508018494], "val_accuracy": [0.4934999942779541, 0.5705000162124634, 0.5960000157356262, 0.5074999928474426, 0.550000011920929, 0.6884999871253967, 0.7429999709129333, 0.8715000152587891, 0.9599999785423279, 0.9850000143051147, 0.987500011920929, 0.9884999990463257, 0.9884999990463257, 0.9984999895095825, 1.0, 1.0, 1.0, 1.0]}