{"loss": [0.6873173713684082, 0.6551511883735657, 0.6327309608459473, 0.5506685376167297, 0.39823681116104126, 0.2757669687271118, 0.3540897071361542, 0.19542016088962555, 0.14766079187393188, 0.1290770322084427, 0.08945537358522415, 0.08893419802188873, 0.08521091192960739, 0.09687255322933197, 0.07826092839241028, 0.11415858566761017, 0.08939283341169357], "accuracy": [0.5234000086784363, 0.5841333270072937, 0.5964666604995728, 0.6994666457176208, 0.8260666728019714, 0.8987333178520203, 0.8441333174705505, 0.9401999711990356, 0.9576666951179504, 0.9634666442871094, 0.9781333208084106, 0.9780666828155518, 0.9797999858856201, 0.9757333397865295, 0.9817333221435547, 0.9679333567619324, 0.9784666895866394], "val_loss": [0.6742199063301086, 0.6610573530197144, 0.6063257455825806, 0.48149895668029785, 0.268642395734787, 0.2709862291812897, 0.27069225907325745, 0.15098048746585846, 0.13211189210414886, 0.09533388167619705, 0.08347900956869125, 0.09984114021062851, 0.18629701435565948, 0.078789621591568, 0.0821140855550766, 0.09061206877231598, 0.09574682265520096], "val_accuracy": [0.5724999904632568, 0.4855000078678131, 0.6380000114440918, 0.781499981880188, 0.8980000019073486, 0.8964999914169312, 0.8999999761581421, 0.9574999809265137, 0.9624999761581421, 0.9779999852180481, 0.9789999723434448, 0.9745000004768372, 0.9465000033378601, 0.9815000295639038, 0.9804999828338623, 0.9769999980926514, 0.9739999771118164]}