{"loss": [0.6873005628585815, 0.6558402180671692, 0.640258252620697, 0.602834165096283, 0.46419790387153625, 0.22605273127555847, 0.10607074946165085, 0.4458165764808655, 0.21100060641765594, 0.08133653551340103], "accuracy": [0.5322142839431763, 0.576285719871521, 0.5912857055664062, 0.6459285616874695, 0.7712143063545227, 0.9207857251167297, 0.9722856879234314, 0.7854999899864197, 0.9292857050895691, 0.9803571701049805], "val_loss": [0.6652417778968811, 0.6420459747314453, 0.6234685778617859, 0.5936089158058167, 0.3985869586467743, 0.12027046084403992, 0.06518834084272385, 0.3374313414096832, 0.16437497735023499, 0.06304772943258286], "val_accuracy": [0.4650000035762787, 0.6184999942779541, 0.6445000171661377, 0.5304999947547913, 0.8080000281333923, 0.968999981880188, 0.9854999780654907, 0.875, 0.9440000057220459, 0.9835000038146973]}