{"loss": [0.6821383833885193, 0.6551411747932434, 0.6372833251953125, 0.5761029124259949, 0.3841724991798401, 0.1323593258857727, 0.07753213495016098, 0.07444760203361511, 0.06996867805719376, 0.06915085017681122, 0.06892136484384537], "accuracy": [0.5415384769439697, 0.5803846120834351, 0.5986922979354858, 0.677307665348053, 0.8309999704360962, 0.9629230499267578, 0.9829999804496765, 0.9836153984069824, 0.9850000143051147, 0.9850000143051147, 0.9849230647087097], "val_loss": [0.6557180881500244, 0.6376362442970276, 0.610047459602356, 0.5547663569450378, 0.24258528649806976, 0.09122875332832336, 0.09176570922136307, 0.08572443574666977, 0.10877589881420135, 0.08541268110275269, 0.08104801923036575], "val_accuracy": [0.6194999814033508, 0.6225000023841858, 0.6660000085830688, 0.7070000171661377, 0.9100000262260437, 0.9779999852180481, 0.9789999723434448, 0.9815000295639038, 0.9679999947547913, 0.9810000061988831, 0.9815000295639038]}