{"loss": [0.6832403540611267, 0.6536658406257629, 0.600205659866333, 0.46343347430229187, 0.16264744102954865, 0.05445466190576553, 0.047033220529556274, 0.0007033194997347891, 0.00040243996772915125, 0.0003066996287088841], "accuracy": [0.5310666561126709, 0.579800009727478, 0.6462666392326355, 0.7748666405677795, 0.9487333297729492, 0.9860000014305115, 0.9870666861534119, 1.0, 1.0, 1.0], "val_loss": [0.667109489440918, 0.6359243392944336, 0.5352042317390442, 0.3102700710296631, 0.1335965394973755, 0.03555608540773392, 0.0015831210184842348, 0.0004910243442282081, 0.00035410173586569726, 0.0002837509091477841], "val_accuracy": [0.5885000228881836, 0.6144999861717224, 0.7245000004768372, 0.8824999928474426, 0.9605000019073486, 0.9900000095367432, 1.0, 1.0, 1.0, 1.0]}