{"loss": [0.6818562746047974, 0.6519532799720764, 0.6171219944953918, 0.511406421661377, 0.3169533610343933, 0.22970615327358246, 0.3911513686180115, 0.15944965183734894, 0.1170162707567215, 0.038549669086933136, 0.016438329592347145, 0.00043088578968308866, 0.00028761435532942414, 0.0002250614488730207], "accuracy": [0.5442000031471252, 0.5735333561897278, 0.6268666386604309, 0.739799976348877, 0.8718666434288025, 0.913266658782959, 0.8276000022888184, 0.9531999826431274, 0.9670000076293945, 0.9904666543006897, 0.9955999851226807, 1.0, 1.0, 1.0], "val_loss": [0.6616098284721375, 0.6416142582893372, 0.5807925462722778, 0.49226754903793335, 0.1979662925004959, 0.5705882906913757, 0.24013876914978027, 0.11753308773040771, 0.09050066769123077, 0.026528475806117058, 0.0006498233415186405, 0.0003393899532966316, 0.0002571884251665324, 0.0002069307374767959], "val_accuracy": [0.4634999930858612, 0.5404999852180481, 0.671999990940094, 0.7515000104904175, 0.9409999847412109, 0.6970000267028809, 0.9204999804496765, 0.968999981880188, 0.9775000214576721, 0.9879999756813049, 1.0, 1.0, 1.0, 1.0]}