{"loss": [0.6407034993171692, 0.24367675185203552, 0.0340009406208992, 0.0037882369942963123, 0.00023906723072286695, 0.00015013125084806234], "accuracy": [0.5914400219917297, 0.8965200185775757, 0.9918199777603149, 0.9991599917411804, 1.0, 1.0], "val_loss": [0.5339627861976624, 0.03825684264302254, 0.0010393902193754911, 0.0002769075217656791, 0.00015770945174153894, 0.00011071667540818453], "val_accuracy": [0.7145000100135803, 0.9934999942779541, 1.0, 1.0, 1.0, 1.0]}