{"loss": [0.631094217300415, 0.4078092873096466, 0.42019641399383545, 0.4120158553123474, 0.6447230577468872, 0.6362698078155518, 0.5986354351043701, 0.5930804014205933, 0.6170753836631775, 0.6127179265022278, 0.5964801907539368, 0.5861978530883789, 0.5873852372169495, 0.5875899791717529, 0.6025376915931702, 0.5996551513671875, 0.5982945561408997, 0.6055484414100647, 0.5905050039291382, 0.5900968313217163, 0.6008983254432678, 0.6254552006721497, 0.6182306408882141, 0.6162625551223755], "accuracy": [0.6142666935920715, 0.8203999996185303, 0.8146666884422302, 0.8154000043869019, 0.6343333125114441, 0.5989333391189575, 0.6437333226203918, 0.6498000025749207, 0.6166666746139526, 0.6159999966621399, 0.6245999932289124, 0.6353999972343445, 0.634933352470398, 0.6354666948318481, 0.6258666515350342, 0.6149333119392395, 0.6155333518981934, 0.6172666549682617, 0.6302666664123535, 0.6327333450317383, 0.6177999973297119, 0.6048666834831238, 0.59579998254776, 0.6014666557312012], "val_loss": [0.47328177094459534, 0.32815030217170715, 0.5691902041435242, 0.2765009105205536, 0.6119530200958252, 0.6096265316009521, 0.6197625398635864, 0.5997686982154846, 0.6161997318267822, 0.5964252948760986, 0.5892019867897034, 0.5898791551589966, 0.6006324291229248, 0.5814208388328552, 0.6069905161857605, 0.6074965596199036, 0.5894520282745361, 0.5909872651100159, 0.5973328351974487, 0.6027889847755432, 0.5928839445114136, 0.5990700125694275, 0.6064395308494568, 0.6181906461715698], "val_accuracy": [0.8050000071525574, 0.8830000162124634, 0.715499997138977, 0.8960000276565552, 0.6179999709129333, 0.6110000014305115, 0.6495000123977661, 0.5479999780654907, 0.621999979019165, 0.6359999775886536, 0.6514999866485596, 0.5975000262260437, 0.6414999961853027, 0.6445000171661377, 0.5910000205039978, 0.6340000033378601, 0.6495000123977661, 0.6430000066757202, 0.5929999947547913, 0.546500027179718, 0.6334999799728394, 0.628000020980835, 0.6179999709129333, 0.6134999990463257]}