{"loss": [0.6837095618247986, 0.6521703600883484, 0.6163946390151978, 0.5122423768043518, 0.3960084021091461, 0.30188047885894775, 0.30864280462265015, 0.22926244139671326, 0.17697396874427795, 0.16088460385799408, 0.10548840463161469, 0.08684411644935608, 0.08595629781484604, 0.09805825352668762, 0.08652345836162567, 0.2756969630718231], "accuracy": [0.534600019454956, 0.5802666544914246, 0.6320000290870667, 0.7318666577339172, 0.8199999928474426, 0.8805999755859375, 0.8744000196456909, 0.9158666729927063, 0.9367333054542542, 0.9444666504859924, 0.9699333310127258, 0.9766666889190674, 0.9751333594322205, 0.9723333120346069, 0.9762666821479797, 0.8914666771888733], "val_loss": [0.6598697304725647, 0.6418588757514954, 0.5787981748580933, 0.40870919823646545, 0.32941946387290955, 0.28589317202568054, 0.3137991726398468, 0.2259981781244278, 0.19882039725780487, 0.13400794565677643, 0.11037666350603104, 0.08241548389196396, 0.079831063747406, 0.11103624105453491, 0.09079612791538239, 0.17628444731235504], "val_accuracy": [0.612500011920929, 0.5485000014305115, 0.6439999938011169, 0.8259999752044678, 0.8675000071525574, 0.8809999823570251, 0.8784999847412109, 0.9054999947547913, 0.9304999709129333, 0.9539999961853027, 0.9639999866485596, 0.9779999852180481, 0.9785000085830688, 0.9660000205039978, 0.9739999771118164, 0.9355000257492065]}