{"loss": [0.688470184803009, 0.6622453331947327, 0.6465336680412292, 0.6351105570793152, 0.604185163974762, 0.5103315114974976, 0.31937769055366516, 0.18450474739074707, 0.16737337410449982, 0.133397176861763, 0.051364604383707047, 0.018119776621460915, 0.0010094334138557315, 0.0005362858064472675, 0.0003940455208066851], "accuracy": [0.5271000266075134, 0.5748999714851379, 0.5958999991416931, 0.6011000275611877, 0.6504999995231628, 0.739300012588501, 0.8752999901771545, 0.9355000257492065, 0.9460999965667725, 0.9569000005722046, 0.9861000180244446, 0.9961000084877014, 1.0, 1.0, 1.0], "val_loss": [0.6790561079978943, 0.6539775133132935, 0.6545376777648926, 0.6298450827598572, 0.5635243654251099, 0.41280511021614075, 0.2199772596359253, 0.12275411188602448, 0.16336655616760254, 0.20691482722759247, 0.010006047785282135, 0.001578258234076202, 0.0006191035499796271, 0.0004358071309980005, 0.0003425709146540612], "val_accuracy": [0.5720000267028809, 0.6110000014305115, 0.484499990940094, 0.6244999766349792, 0.7214999794960022, 0.8264999985694885, 0.9175000190734863, 0.9624999761581421, 0.9509999752044678, 0.9384999871253967, 0.9975000023841858, 1.0, 1.0, 1.0, 1.0]}