{"loss": [0.6821029186248779, 0.6514293551445007, 0.6257531046867371, 0.5440894365310669, 0.4242442846298218, 0.3358542323112488, 0.25898581743240356, 0.2307162582874298, 0.22288475930690765, 0.23264825344085693, 0.22455427050590515, 0.22535383701324463, 0.22115464508533478, 0.21336105465888977, 0.19509048759937286, 0.16753864288330078, 0.15085843205451965, 0.14950250089168549, 0.14379557967185974, 0.14209501445293427, 0.13980218768119812, 0.1357867568731308, 0.1343410760164261, 0.13314101099967957, 0.1286393254995346, 0.13002420961856842, 0.26338428258895874, 0.22282946109771729], "accuracy": [0.52920001745224, 0.5881333351135254, 0.6074000000953674, 0.7065333127975464, 0.8085333108901978, 0.8678666949272156, 0.906333327293396, 0.9218666553497314, 0.9256666898727417, 0.9210000038146973, 0.9245333075523376, 0.9240666627883911, 0.9257333278656006, 0.9290000200271606, 0.9377999901771545, 0.9480666518211365, 0.9555333256721497, 0.95660001039505, 0.9589333534240723, 0.9592666625976562, 0.9603333473205566, 0.9621333479881287, 0.9624666571617126, 0.9632666707038879, 0.9651333093643188, 0.9639999866485596, 0.9113333225250244, 0.9262666702270508], "val_loss": [0.6744700074195862, 0.6544903516769409, 0.5986270904541016, 0.43924257159233093, 0.37741222977638245, 0.2793857455253601, 0.23594175279140472, 0.2358313798904419, 0.23198412358760834, 0.2279251664876938, 0.23432019352912903, 0.23004303872585297, 0.22212561964988708, 0.21079619228839874, 0.18180783092975616, 0.1560385823249817, 0.15666641294956207, 0.15755069255828857, 0.14954988658428192, 0.1463635265827179, 0.15585629642009735, 0.14951126277446747, 0.14066153764724731, 0.1431298553943634, 0.12693002820014954, 0.12665104866027832, 0.21881155669689178, 0.20690946280956268], "val_accuracy": [0.5770000219345093, 0.4634999930858612, 0.6585000157356262, 0.8019999861717224, 0.8320000171661377, 0.8930000066757202, 0.9175000190734863, 0.9160000085830688, 0.9200000166893005, 0.9210000038146973, 0.9190000295639038, 0.9225000143051147, 0.9235000014305115, 0.9279999732971191, 0.9430000185966492, 0.9514999985694885, 0.9545000195503235, 0.9545000195503235, 0.9564999938011169, 0.9574999809265137, 0.9514999985694885, 0.9549999833106995, 0.9595000147819519, 0.9605000019073486, 0.965499997138977, 0.965499997138977, 0.9259999990463257, 0.9325000047683716]}