{"loss": [0.6789975762367249, 0.6492644548416138, 0.6224857568740845, 0.45557722449302673, 0.10309629887342453, 0.06553620845079422, 0.05126219615340233, 0.0264271330088377, 0.008441735990345478, 0.00066333421273157, 0.0004126136191189289, 0.0002926985325757414], "accuracy": [0.5436000227928162, 0.5880666375160217, 0.624666690826416, 0.7820666432380676, 0.9723333120346069, 0.9802666902542114, 0.9870666861534119, 0.9940000176429749, 0.9980666637420654, 1.0, 1.0, 1.0], "val_loss": [0.6550174355506897, 0.6496178507804871, 0.5928040742874146, 0.23035357892513275, 0.0574255995452404, 0.24864433705806732, 0.01913697086274624, 0.042147573083639145, 0.0009650324936956167, 0.0005335456226021051, 0.0003634269523900002, 0.0002785604156088084], "val_accuracy": [0.6140000224113464, 0.5695000290870667, 0.6744999885559082, 0.9104999899864197, 0.984000027179718, 0.9294999837875366, 0.996999979019165, 0.9915000200271606, 1.0, 1.0, 1.0, 1.0]}