{"loss": [0.6738093495368958, 0.6372631788253784, 0.5650582313537598, 0.33733177185058594, 0.10468517988920212, 0.01639924757182598, 0.003951025195419788, 0.00030009428155608475, 0.0001829767570598051], "accuracy": [0.5511999726295471, 0.597599983215332, 0.6837499737739563, 0.8561999797821045, 0.968999981880188, 0.9951500296592712, 0.9991499781608582, 1.0, 1.0], "val_loss": [0.642560601234436, 0.6107457876205444, 0.4735400676727295, 0.23527324199676514, 0.03672676905989647, 0.000633752963040024, 0.00041377899469807744, 0.00019120097567792982, 0.00014162473962642252], "val_accuracy": [0.6380000114440918, 0.6389999985694885, 0.7580000162124634, 0.921999990940094, 0.9990000128746033, 1.0, 1.0, 1.0, 1.0]}