{"loss": [1.4895459413528442, 0.7456437349319458, 0.24189648032188416, 0.10882508009672165, 0.03235150873661041, 0.015027256682515144, 0.04057932272553444, 0.006522673647850752, 0.00875377282500267, 0.0030996317509561777, 0.0276337843388319, 0.0032915512565523386], "accuracy": [0.4427933394908905, 0.7381933331489563, 0.9345399737358093, 0.9809399843215942, 0.9984800219535828, 0.9997933506965637, 0.9927066564559937, 0.9999799728393555, 0.999126672744751, 1.0, 0.9944533109664917, 0.9999933242797852], "val_loss": [1.146331548690796, 0.5622565746307373, 0.10937962681055069, 0.06496971845626831, 0.021286552771925926, 0.012776081450283527, 0.008991441689431667, 0.00590627221390605, 0.004326290916651487, 0.003246199805289507, 0.006290210410952568, 0.002432942856103182], "val_accuracy": [0.5706499814987183, 0.8025000095367432, 0.9825000166893005, 0.9921000003814697, 0.9991000294685364, 0.9995999932289124, 0.9998999834060669, 0.9998999834060669, 1.0, 1.0, 0.9999499917030334, 1.0]}