{"loss": [1.7015221118927002, 1.4361652135849, 1.3728878498077393, 1.326964020729065, 1.2598949670791626, 1.1788231134414673, 1.028335452079773, 0.8494139909744263, 0.6784819960594177, 0.4874788522720337, 0.31340205669403076, 0.18695704638957977, 0.12685586512088776, 0.0681127980351448, 0.045245587825775146, 0.057938702404499054, 0.030155669897794724, 0.017694029957056046, 0.013482856564223766, 0.010352022014558315, 0.058209631592035294, 0.009478301741182804, 0.006276675499975681, 0.004972115159034729, 0.003945184871554375, 0.0033707248512655497, 0.0026990841142833233, 0.0022402575705200434], "accuracy": [0.3632799983024597, 0.42875999212265015, 0.4553999900817871, 0.48524001240730286, 0.5159299969673157, 0.5585100054740906, 0.6194999814033508, 0.6887800097465515, 0.7556800246238708, 0.8321200013160706, 0.904990017414093, 0.9557899832725525, 0.9772400259971619, 0.9929900169372559, 0.9969199895858765, 0.9922299981117249, 0.9980599880218506, 0.9995200037956238, 0.9997299909591675, 0.9998599886894226, 0.9890599846839905, 0.9999399781227112, 0.9999899864196777, 0.999970018863678, 1.0, 0.999970018863678, 1.0, 1.0], "val_loss": [1.4811292886734009, 1.392282485961914, 1.3429831266403198, 1.2892836332321167, 1.2059205770492554, 1.1206125020980835, 0.9248877167701721, 0.7595943212509155, 0.5890130996704102, 0.40392452478408813, 0.25637370347976685, 0.1468302309513092, 0.09133746474981308, 0.05581137165427208, 0.040454789996147156, 0.12620730698108673, 0.021546797826886177, 0.016738714650273323, 0.012842996045947075, 0.009844381362199783, 0.015550170093774796, 0.008591681718826294, 0.006405545398592949, 0.005206872709095478, 0.00423103291541338, 0.003845446975901723, 0.0029571230988949537, 0.0024519828148186207], "val_accuracy": [0.41659998893737793, 0.4510999917984009, 0.48544999957084656, 0.521399974822998, 0.5468999743461609, 0.5831000208854675, 0.6579999923706055, 0.7196499705314636, 0.7882000207901001, 0.863349974155426, 0.9211999773979187, 0.9682999849319458, 0.9853000044822693, 0.9948499798774719, 0.9973499774932861, 0.9681000113487244, 0.9991999864578247, 0.9994000196456909, 0.999750018119812, 0.9998000264167786, 0.9990500211715698, 0.9998999834060669, 0.9999499917030334, 0.9998999834060669, 1.0, 1.0, 0.9999499917030334, 1.0]}