{"loss": [1.2748323678970337, 0.3301917612552643, 0.06587821990251541, 0.022882387042045593, 0.006631425581872463, 0.030297428369522095, 0.003323615062981844], "accuracy": [0.5303760170936584, 0.899183988571167, 0.9922119975090027, 0.9988560080528259, 0.9999759793281555, 0.9949520230293274, 1.0], "val_loss": [0.6852033734321594, 0.10672233253717422, 0.17773327231407166, 0.009612002409994602, 0.004581762012094259, 0.005368631333112717, 0.0024018872063606977], "val_accuracy": [0.7618499994277954, 0.9846000075340271, 0.9555000066757202, 1.0, 1.0, 1.0, 1.0]}