{"loss": [1.3889222145080566, 0.5609365701675415, 0.140069380402565, 0.053350262343883514, 0.024894634261727333, 0.011154924519360065, 0.004700783174484968, 0.024192318320274353, 0.006199822761118412], "accuracy": [0.4805000126361847, 0.806535005569458, 0.9733099937438965, 0.9941499829292297, 0.9973800182342529, 0.9995750188827515, 0.9999949932098389, 0.9951900243759155, 0.9998400211334229], "val_loss": [0.8989207148551941, 0.2783515751361847, 0.05616438388824463, 0.02292582206428051, 0.06848274171352386, 0.006584635470062494, 0.004137939773499966, 0.0413525216281414, 0.002554795704782009], "val_accuracy": [0.6796000003814697, 0.9226999878883362, 0.996150016784668, 0.9996500015258789, 0.982450008392334, 0.9999499917030334, 0.9999499917030334, 0.9951500296592712, 0.9999499917030334]}