{"loss": [1.4545503854751587, 0.6050779819488525, 0.1373334378004074, 0.0389019213616848, 0.031250305473804474, 0.007967398501932621, 0.012466071173548698, 0.0028637531213462353, 0.0018137212609872222], "accuracy": [0.45743998885154724, 0.7875900268554688, 0.9730499982833862, 0.9971399903297424, 0.9961199760437012, 0.9999799728393555, 0.9982699751853943, 1.0, 1.0], "val_loss": [0.9810600876808167, 0.2742123603820801, 0.06392340362071991, 0.030683809891343117, 0.012802948243916035, 0.00588214909657836, 0.0038627551402896643, 0.002545467112213373, 0.0016387059586122632], "val_accuracy": [0.6499500274658203, 0.9242500066757202, 0.9925500154495239, 0.9974499940872192, 0.9998999834060669, 1.0, 0.9999499917030334, 1.0, 1.0]}