{"loss": [1.8528358936309814, 1.4641845226287842, 1.2348041534423828, 0.9396856427192688, 0.6607269644737244, 0.42971038818359375, 0.23360341787338257, 0.1368919312953949, 0.07357209175825119, 0.04732979089021683, 0.032422684133052826, 0.0239383764564991, 0.0176460649818182, 0.18343856930732727, 0.02263183891773224, 0.014664656482636929, 0.010982152074575424, 0.008823569864034653, 0.007116355933248997], "accuracy": [0.3294000029563904, 0.42899999022483826, 0.5437800288200378, 0.663640022277832, 0.7716000080108643, 0.8609200119972229, 0.9474400281906128, 0.97843998670578, 0.9946200251579285, 0.9980599880218506, 0.9993799924850464, 0.9996799826622009, 0.9998800158500671, 0.9622399806976318, 0.9998599886894226, 0.9999799728393555, 1.0, 0.9999799728393555, 1.0], "val_loss": [1.5240817070007324, 1.3734962940216064, 1.0924103260040283, 0.8967743515968323, 0.5676205158233643, 0.3301197588443756, 0.1843637228012085, 0.10742733627557755, 0.06158483773469925, 0.04453567788004875, 0.03998740389943123, 0.02800687588751316, 0.023801902309060097, 0.03301398456096649, 0.019360439851880074, 0.014598486945033073, 0.012188796885311604, 0.009231260977685452, 0.008009892888367176], "val_accuracy": [0.39719998836517334, 0.4914500117301941, 0.600849986076355, 0.6764500141143799, 0.8044000267982483, 0.9081000089645386, 0.9602500200271606, 0.9837499856948853, 0.9961000084877014, 0.9980000257492065, 0.99795001745224, 0.9984999895095825, 0.9983000159263611, 0.9989500045776367, 0.9998499751091003, 1.0, 0.9998499751091003, 1.0, 1.0]}