{"loss": [1.5828323364257812, 1.0198436975479126, 0.4664061963558197, 0.15524372458457947, 0.06765595823526382, 0.030751528218388557, 0.016868211328983307, 0.009809046983718872, 0.006477465387433767, 0.058840639889240265], "accuracy": [0.40141600370407104, 0.6235520243644714, 0.8481600284576416, 0.9707120060920715, 0.9931600093841553, 0.99863201379776, 0.9997119903564453, 0.9999679923057556, 1.0, 0.9888240098953247], "val_loss": [1.2876601219177246, 0.6947673559188843, 0.29151710867881775, 0.08224352449178696, 0.04193594679236412, 0.049109313637018204, 0.012436974793672562, 0.008277415297925472, 0.005929108709096909, 0.007850359193980694], "val_accuracy": [0.5238500237464905, 0.7618499994277954, 0.9203500151634216, 0.9922000169754028, 0.998449981212616, 0.9921500086784363, 0.9999499917030334, 0.9999499917030334, 0.9999499917030334, 0.9999499917030334]}