{"loss": [1.6433035135269165, 1.2180641889572144, 0.7137319445610046, 0.3207738995552063, 0.1107681393623352, 0.07856252789497375, 0.03240467980504036, 0.01583213545382023, 0.010406790301203728, 0.007477245293557644, 0.12148168683052063], "accuracy": [0.3771800100803375, 0.5413399934768677, 0.7499099969863892, 0.9017000198364258, 0.9828199744224548, 0.9876800179481506, 0.9984999895095825, 0.9998599886894226, 0.9999499917030334, 1.0, 0.9713600277900696], "val_loss": [1.4019314050674438, 1.0021919012069702, 0.499628484249115, 0.18055742979049683, 0.06757959723472595, 0.11559116095304489, 0.02314068377017975, 0.013519011437892914, 0.0095912404358387, 0.007900435477495193, 0.012172017246484756], "val_accuracy": [0.46209999918937683, 0.6337500214576721, 0.8234500288963318, 0.9599999785423279, 0.9930499792098999, 0.9731500148773193, 0.9992499947547913, 0.9999499917030334, 0.9999499917030334, 0.9999499917030334, 0.9998499751091003]}