{"loss": [1.7261451482772827, 1.3831514120101929, 1.159462571144104, 0.8330703973770142, 0.4925265610218048, 0.252224326133728, 0.12013231962919235, 0.09470471739768982, 0.04854028299450874, 0.028189292177557945, 0.02053886279463768, 0.014878859743475914, 0.06254324316978455, 0.014087237417697906, 0.008632050827145576, 0.006661898922175169, 0.0053911772556602955, 0.036107923835515976], "accuracy": [0.3566533327102661, 0.448253333568573, 0.5464666485786438, 0.6977999806404114, 0.8400266766548157, 0.9360933303833008, 0.9818800091743469, 0.985759973526001, 0.9966266751289368, 0.9992799758911133, 0.9995999932289124, 0.9998533129692078, 0.9877200126647949, 0.9998000264167786, 0.9999733567237854, 1.0, 0.9999866485595703, 0.9936666488647461], "val_loss": [1.4626526832580566, 1.30042564868927, 1.0110893249511719, 0.6727432608604431, 0.3782653510570526, 0.16799278557300568, 0.11497396230697632, 0.14219911396503448, 0.035508591681718826, 0.025880319997668266, 0.018529165536165237, 0.014119942672550678, 0.026027575135231018, 0.011235101148486137, 0.008512616157531738, 0.0070497263222932816, 0.005672107450664043, 0.008562328293919563], "val_accuracy": [0.39820000529289246, 0.49079999327659607, 0.6262999773025513, 0.7638999819755554, 0.878000020980835, 0.9674500226974487, 0.979200005531311, 0.965149998664856, 0.9980499744415283, 0.9990000128746033, 0.9994500279426575, 0.9995999932289124, 0.998449981212616, 0.999750018119812, 1.0, 0.9999499917030334, 1.0, 0.999750018119812]}