{"loss": [1.3261561393737793, 0.4477275311946869, 0.13830678164958954, 0.07400943338871002, 0.026112936437129974, 0.014397424645721912, 0.0212860144674778, 0.006408271845430136, 0.004348733928054571, 0.0031038448214530945], "accuracy": [0.5240499973297119, 0.8473299741744995, 0.9691299796104431, 0.9865999817848206, 0.9983900189399719, 0.9997400045394897, 0.996749997138977, 0.9999600052833557, 1.0, 1.0], "val_loss": [0.7355543971061707, 0.369394987821579, 0.08181586116552353, 0.0370897613465786, 0.019695954397320747, 0.014646034687757492, 0.008675137534737587, 0.005597964394837618, 0.0040006330236792564, 0.003108155680820346], "val_accuracy": [0.734250009059906, 0.8727499842643738, 0.9863499999046326, 0.9968000054359436, 0.9994000196456909, 0.9993500113487244, 1.0, 0.9999499917030334, 1.0, 0.9998999834060669]}