{"loss": [1.3434547185897827, 0.7379589676856995, 0.469542920589447, 0.3120233416557312, 0.2107490450143814, 0.15232554078102112, 0.11419954895973206, 0.09376437962055206, 0.0772390216588974, 0.06849294900894165, 0.06396365910768509, 0.057236235588788986, 0.047364603728055954, 0.058530088514089584, 0.038394562900066376, 0.04198774695396423, 0.04778146743774414], "accuracy": [0.5008900165557861, 0.741159975528717, 0.8406699895858765, 0.8970400094985962, 0.9335200190544128, 0.9540600180625916, 0.9666600227355957, 0.972819983959198, 0.9782000184059143, 0.9806600213050842, 0.9815899729728699, 0.9833999872207642, 0.9866799712181091, 0.9824699759483337, 0.9895600080490112, 0.9877099990844727, 0.9856299757957458], "val_loss": [0.9830582141876221, 0.6089908480644226, 0.39742326736450195, 0.2599443197250366, 0.18287691473960876, 0.15707075595855713, 0.15258365869522095, 0.11140662431716919, 0.08107957988977432, 0.09563848376274109, 0.07430830597877502, 0.05401238426566124, 0.161115825176239, 0.04896142706274986, 0.05194387584924698, 0.06656303256750107, 0.04911765456199646], "val_accuracy": [0.6524500250816345, 0.7846500277519226, 0.8653500080108643, 0.9142500162124634, 0.9435999989509583, 0.9484000205993652, 0.9482499957084656, 0.964900016784668, 0.9760500192642212, 0.9692500233650208, 0.9782500267028809, 0.984250009059906, 0.9613500237464905, 0.985450029373169, 0.9848499894142151, 0.9779000282287598, 0.9847999811172485]}