{"loss": [1.6377041339874268, 1.0783175230026245, 0.5976236462593079, 0.25530943274497986, 0.10085763782262802, 0.11293888837099075, 0.0335635207593441, 0.01982344128191471, 0.013147559016942978, 0.009368126280605793, 0.06131386756896973, 0.007419753819704056, 0.005081151612102985], "accuracy": [0.38637998700141907, 0.6036999821662903, 0.7943599820137024, 0.9336599707603455, 0.9864299893379211, 0.979640007019043, 0.9989299774169922, 0.9997000098228455, 0.9998700022697449, 0.9999499917030334, 0.9880499839782715, 0.9999799728393555, 0.9999799728393555], "val_loss": [1.3293579816818237, 0.8203150629997253, 0.41022396087646484, 0.16507543623447418, 0.06745555251836777, 0.05071551725268364, 0.026320837438106537, 0.016852572560310364, 0.011662147007882595, 0.008638777770102024, 0.010097779333591461, 0.0064613306894898415, 0.004824208561331034], "val_accuracy": [0.49184998869895935, 0.7064499855041504, 0.8658499717712402, 0.9656999707221985, 0.9942499995231628, 0.9969499707221985, 0.9995499849319458, 0.999750018119812, 0.9998999834060669, 1.0, 0.9998999834060669, 1.0, 1.0]}