{"loss": [1.6913931369781494, 1.3812788724899292, 1.107438564300537, 0.6599685549736023, 0.29203563928604126, 0.12001507729291916, 0.08443427085876465, 0.0339055098593235, 0.02167363464832306, 0.014328144490718842, 0.010472753085196018, 0.09708736091852188, 0.011380847543478012, 0.006822931580245495], "accuracy": [0.3621399998664856, 0.4641599953174591, 0.5889300107955933, 0.7744899988174438, 0.9249799847602844, 0.9843800067901611, 0.9892200231552124, 0.9991099834442139, 0.9997400045394897, 0.9998999834060669, 0.9999799728393555, 0.9815599918365479, 0.9999600052833557, 1.0], "val_loss": [1.4512765407562256, 1.2746927738189697, 0.9121750593185425, 0.48152899742126465, 0.30252018570899963, 0.0861944854259491, 0.045115407556295395, 0.02811737172305584, 0.018288999795913696, 0.013049975968897343, 0.01075096894055605, 0.01845705881714821, 0.009117420762777328, 0.0068815178237855434], "val_accuracy": [0.42890000343322754, 0.5126000046730042, 0.660099983215332, 0.840149998664856, 0.9135500192642212, 0.9909999966621399, 0.9983000159263611, 0.9994999766349792, 0.9999499917030334, 0.9999499917030334, 1.0, 0.9997000098228455, 0.9999499917030334, 0.9999499917030334]}