{"loss": [2.220197916030884, 1.8392422199249268, 1.580004096031189, 1.516442894935608, 1.4789602756500244, 1.4420983791351318, 1.3914963006973267, 1.3467928171157837, 1.288466215133667, 1.2172189950942993, 1.1633305549621582, 1.090268850326538, 1.0195918083190918, 0.9613913297653198, 0.9011433720588684, 0.8518291115760803, 0.7891402244567871, 0.729697048664093, 0.6785071492195129, 0.6366385817527771, 0.5814586281776428, 0.5553832054138184, 0.5154871344566345, 0.492278516292572, 0.4436088502407074, 0.3894125819206238, 0.43349066376686096, 0.30657660961151123, 0.3467738628387451, 0.24424467980861664, 0.2093425840139389, 0.19236376881599426, 0.15961101651191711, 0.14212176203727722, 0.1271328181028366, 0.11003728955984116, 0.27805110812187195, 0.09997474402189255, 0.08587159961462021, 0.0755741149187088, 0.06809615343809128, 0.06149551272392273, 0.055738139897584915, 0.050817422568798065, 0.04660307988524437, 0.04285421594977379, 0.03914080932736397, 0.03620407357811928, 0.03329337015748024, 0.030881084501743317, 0.028655029833316803], "accuracy": [0.22417999804019928, 0.35308998823165894, 0.38901999592781067, 0.39667001366615295, 0.41398000717163086, 0.43599000573158264, 0.46048998832702637, 0.48785001039505005, 0.5197100043296814, 0.5532500147819519, 0.5720800161361694, 0.6073700189590454, 0.6408600211143494, 0.6607300043106079, 0.686269998550415, 0.7044100165367126, 0.7315300107002258, 0.7543100118637085, 0.7684900164604187, 0.7818099856376648, 0.7997999787330627, 0.8060399889945984, 0.8206300139427185, 0.8311600089073181, 0.8487200140953064, 0.8728799819946289, 0.8594099879264832, 0.9099799990653992, 0.8945599794387817, 0.9363300204277039, 0.9518200159072876, 0.9561600089073181, 0.9697800278663635, 0.9751899838447571, 0.9793800115585327, 0.9848999977111816, 0.9325100183486938, 0.9869400262832642, 0.9906600117683411, 0.9932500123977661, 0.994920015335083, 0.9956700205802917, 0.996649980545044, 0.9973099827766418, 0.9978100061416626, 0.9982900023460388, 0.9986199736595154, 0.9988499879837036, 0.9990599751472473, 0.999239981174469, 0.9993600249290466], "val_loss": [2.01829195022583, 1.6513618230819702, 1.5423939228057861, 1.4953068494796753, 1.4818146228790283, 1.4110409021377563, 1.3606350421905518, 1.3598787784576416, 1.2556754350662231, 1.1986244916915894, 1.1446677446365356, 1.1362454891204834, 1.0495964288711548, 0.9713386297225952, 0.8806360960006714, 0.8524948954582214, 0.7702359557151794, 0.7068967819213867, 0.949263870716095, 0.6223743557929993, 0.6067468523979187, 0.5641777515411377, 0.5191587209701538, 0.46020323038101196, 0.4305475950241089, 0.3969590365886688, 0.33744436502456665, 0.36188796162605286, 0.2862628400325775, 0.23451068997383118, 0.20369690656661987, 0.175823375582695, 0.17256519198417664, 0.1567157655954361, 0.14387215673923492, 0.28368523716926575, 0.12274500727653503, 0.10957074910402298, 0.08673008531332016, 0.08247286081314087, 0.07035543769598007, 0.06707853823900223, 0.059034012258052826, 0.061790674924850464, 0.05311719328165054, 0.043335624039173126, 0.041901689022779465, 0.0378001406788826, 0.03780456259846687, 0.03370962664484978, 0.043458543717861176], "val_accuracy": [0.3301500082015991, 0.37595000863075256, 0.39160001277923584, 0.4041999876499176, 0.3993000090122223, 0.4578999876976013, 0.48715001344680786, 0.46560001373291016, 0.5429999828338623, 0.5480999946594238, 0.5791000127792358, 0.5806000232696533, 0.6212499737739563, 0.6446499824523926, 0.691349983215332, 0.7050999999046326, 0.7390499711036682, 0.7633000016212463, 0.6449499726295471, 0.7860999703407288, 0.788100004196167, 0.7984499931335449, 0.8165000081062317, 0.8391500115394592, 0.8507000207901001, 0.8644000291824341, 0.8928999900817871, 0.8762000203132629, 0.9151999950408936, 0.9400500059127808, 0.9538999795913696, 0.9641500115394592, 0.9606000185012817, 0.9661499857902527, 0.9686999917030334, 0.9120500087738037, 0.9779499769210815, 0.9819499850273132, 0.9891999959945679, 0.9896000027656555, 0.9930499792098999, 0.9930999875068665, 0.9950500130653381, 0.9934499859809875, 0.9952499866485596, 0.9975000023841858, 0.9973499774932861, 0.9983000159263611, 0.9977999925613403, 0.998199999332428, 0.994700014591217]}