{"loss": [1.5460413694381714, 0.7494045495986938, 0.29193055629730225, 0.08896087855100632, 0.08919455856084824, 0.022559912875294685, 0.013349227607250214, 0.008938891813158989, 0.09962183982133865, 0.027098162099719048, 0.007656378205865622], "accuracy": [0.4309000074863434, 0.7381299734115601, 0.9155099987983704, 0.9889900088310242, 0.9849100112915039, 0.9996399879455566, 0.9999499917030334, 0.9999799728393555, 0.977840006351471, 0.9976400136947632, 1.0], "val_loss": [1.112118124961853, 0.4750872254371643, 0.14636492729187012, 0.05121993273496628, 0.035224054008722305, 0.01797870174050331, 0.0143300024792552, 0.008474218659102917, 0.16011826694011688, 0.011161952279508114, 0.006765569094568491], "val_accuracy": [0.5850499868392944, 0.8338000178337097, 0.9755499958992004, 0.9968500137329102, 0.9983000159263611, 0.999750018119812, 0.9993500113487244, 0.9998999834060669, 0.9599000215530396, 0.9998499751091003, 0.9998499751091003]}