{"loss": [1.6415926218032837, 1.0762540102005005, 0.5893170833587646, 0.24792437255382538, 0.10201885551214218, 0.04091724380850792, 0.0851571336388588, 0.026582105085253716, 0.011485939845442772, 0.007885205559432507, 0.005748271942138672, 0.0043909442611038685, 0.003429024014621973], "accuracy": [0.38732999563217163, 0.6102100014686584, 0.7982699871063232, 0.9330099821090698, 0.9835100173950195, 0.9979400038719177, 0.9826700091362, 0.9987999796867371, 0.9999200105667114, 1.0, 1.0, 1.0, 1.0], "val_loss": [1.3272203207015991, 0.8152364492416382, 0.41772279143333435, 0.1486767828464508, 0.057117313146591187, 0.03181148320436478, 0.10534238070249557, 0.015035807155072689, 0.010010841302573681, 0.0070242988876998425, 0.005211214069277048, 0.004181479569524527, 0.003239184617996216], "val_accuracy": [0.5134999752044678, 0.7103999853134155, 0.8588500022888184, 0.9679999947547913, 0.9961000084877014, 0.9988499879837036, 0.9769499897956848, 0.9998999834060669, 0.9999499917030334, 1.0, 1.0, 1.0, 1.0]}