{"loss": [1.8014949560165405, 1.417378306388855, 1.2127513885498047, 0.9053939580917358, 0.6235372424125671, 0.45326825976371765, 0.27664732933044434, 0.13780999183654785, 0.1164989098906517, 0.04940766468644142, 0.03350101411342621, 0.02385164424777031, 0.017756834626197815, 0.013644476421177387, 0.010700605809688568, 0.008617259562015533, 0.006960856728255749, 0.005707179196178913, 0.004854714032262564], "accuracy": [0.33652999997138977, 0.453900009393692, 0.5543500185012817, 0.6798499822616577, 0.7798500061035156, 0.8367599844932556, 0.9201400279998779, 0.9758700132369995, 0.9809899926185608, 0.9975699782371521, 0.9991199970245361, 0.9996500015258789, 0.9998800158500671, 0.9999600052833557, 0.9999799728393555, 1.0, 1.0, 1.0, 1.0], "val_loss": [1.4901164770126343, 1.342526912689209, 1.080414891242981, 0.7648581266403198, 0.5355085134506226, 0.37261393666267395, 0.22384360432624817, 0.11796551197767258, 0.06456983834505081, 0.041421424597501755, 0.030414698645472527, 0.02197088859975338, 0.01724935881793499, 0.013161033391952515, 0.010583923198282719, 0.008664321154356003, 0.007126179989427328, 0.005939927883446217, 0.005854689050465822], "val_accuracy": [0.41519999504089355, 0.49239999055862427, 0.6086999773979187, 0.7299500107765198, 0.8053500056266785, 0.8719499707221985, 0.9419999718666077, 0.9794999957084656, 0.9946500062942505, 0.9982500076293945, 0.9987499713897705, 0.9994500279426575, 0.9997000098228455, 0.9998999834060669, 0.9998999834060669, 1.0, 1.0, 0.9999499917030334, 0.9998999834060669]}