{"loss": [1.6231074333190918, 1.1687716245651245, 0.7573708295822144, 0.35966765880584717, 0.14202781021595, 0.07483550161123276, 0.03445614129304886, 0.0484282486140728, 0.01825145073235035, 0.01102379523217678, 0.007940013892948627, 0.005903806537389755], "accuracy": [0.37911999225616455, 0.5367199778556824, 0.6990200281143188, 0.8878300189971924, 0.9775999784469604, 0.9927399754524231, 0.9993600249290466, 0.9936000108718872, 0.9998000264167786, 0.999970018863678, 1.0, 0.9999899864196777], "val_loss": [1.3188477754592896, 0.9840399622917175, 0.5395664572715759, 0.207270547747612, 0.08831065893173218, 0.046983905136585236, 0.029364516958594322, 0.038855522871017456, 0.013932689093053341, 0.009977759793400764, 0.007459717802703381, 0.005575003568083048], "val_accuracy": [0.4699000120162964, 0.5983999967575073, 0.7996000051498413, 0.9595500230789185, 0.9929999709129333, 0.9988999962806702, 0.9993000030517578, 0.9970499873161316, 1.0, 1.0, 0.9999499917030334, 1.0]}