{"loss": [2.0430006980895996, 1.5504428148269653, 1.4646501541137695, 1.4006363153457642, 1.3140692710876465, 1.1873220205307007, 1.002042531967163, 0.8209685683250427, 0.6880236268043518, 0.5889220237731934, 0.5045750737190247, 0.41685137152671814, 0.3556215465068817, 0.23948515951633453, 0.17933376133441925, 0.13438273966312408, 0.19811396300792694, 0.08753928542137146, 0.06935612112283707, 0.05632371827960014, 0.04639103263616562, 0.03883596509695053, 0.0328693725168705, 0.028350671753287315, 0.02431567944586277, 0.021557344123721123, 0.018594088032841682, 0.016388194635510445, 0.014543771743774414, 0.013028398156166077], "accuracy": [0.28227999806404114, 0.3931800127029419, 0.42396000027656555, 0.4639100134372711, 0.5083000063896179, 0.5694599747657776, 0.6500099897384644, 0.7176200151443481, 0.7633200287818909, 0.7950999736785889, 0.8218600153923035, 0.8560500144958496, 0.8873800039291382, 0.9373800158500671, 0.9615499973297119, 0.9777299761772156, 0.9553300142288208, 0.9903500080108643, 0.9939799904823303, 0.9962199926376343, 0.9974600076675415, 0.9983599781990051, 0.9988200068473816, 0.9992300271987915, 0.9994300007820129, 0.9996200203895569, 0.9997699856758118, 0.9998999834060669, 0.9999099969863892, 0.9999399781227112], "val_loss": [1.6685372591018677, 1.4974987506866455, 1.4309484958648682, 1.3517178297042847, 1.2616204023361206, 1.0966930389404297, 0.9249343872070312, 0.836746335029602, 0.6822143197059631, 0.5669354200363159, 0.645402193069458, 0.42071399092674255, 0.3054612874984741, 0.24302302300930023, 0.15832222998142242, 0.13198435306549072, 0.10736216604709625, 0.08610183000564575, 0.0670505166053772, 0.05333247780799866, 0.047221384942531586, 0.03934435546398163, 0.03399061784148216, 0.029092591255903244, 0.028818661347031593, 0.02471921779215336, 0.020421909168362617, 0.017509929835796356, 0.016732804477214813, 0.013203602284193039], "val_accuracy": [0.3813999891281128, 0.4228000044822693, 0.444350004196167, 0.4916999936103821, 0.5322499871253967, 0.6168000102043152, 0.6754500269889832, 0.7013999819755554, 0.7577499747276306, 0.7970499992370605, 0.7745000123977661, 0.8547999858856201, 0.9020500183105469, 0.9311500191688538, 0.9691500067710876, 0.9759500026702881, 0.9836999773979187, 0.9879000186920166, 0.9927999973297119, 0.9957000017166138, 0.9962999820709229, 0.9975500106811523, 0.99795001745224, 0.9984999895095825, 0.9981499910354614, 0.9991000294685364, 0.9994500279426575, 0.9997000098228455, 0.9995499849319458, 0.9998999834060669]}