{"loss": [1.3764801025390625, 0.4633728265762329, 0.1038886234164238, 0.02756897360086441, 0.05293992906808853, 0.013786026276648045, 0.005277327727526426, 0.0033593391999602318, 0.047589726746082306, 0.015230358578264713], "accuracy": [0.49005141854286194, 0.8471943140029907, 0.9826571345329285, 0.9989314079284668, 0.9910799860954285, 0.9995885491371155, 1.0, 1.0, 0.9904171228408813, 0.9986342787742615], "val_loss": [0.8624412417411804, 0.18361450731754303, 0.04386499524116516, 0.0187449399381876, 0.057939764112234116, 0.00806344859302044, 0.004271525423973799, 0.002837407635524869, 0.20223219692707062, 0.004498849622905254], "val_accuracy": [0.6901500225067139, 0.9603999853134155, 0.9970999956130981, 0.999750018119812, 0.9929999709129333, 0.9998999834060669, 1.0, 1.0, 0.9375, 0.9999499917030334]}